batter,strike_rate
A Ashish Reddy,146.59685863874344
A Badoni,136.05150214592274
A Chandila,57.14285714285714
A Chopra,75.71428571428571
A Choudhary,125.0
A Dananjaya,80.0
A Flintoff,124.0
A Kamboj,100.0
A Kumble,77.77777777777779
A Manohar,132.75862068965517
A Mishra,92.92682926829269
A Mithun,141.66666666666669
A Mukund,86.36363636363636
A Nehra,71.9298245614035
A Nortje,102.08333333333333
A Raghuvanshi,159.80392156862746
A Singh,20.0
A Symonds,131.7997293640054
A Tomar,50.0
A Uniyal,57.14285714285714
A Zampa,62.5
AA Bilakhia,84.14634146341463
AA Chavan,109.09090909090908
AA Jhunjhunwala,104.83091787439614
AA Kulkarni,112.5
AA Noffke,90.0
AB Agarkar,119.33333333333334
AB Barath,102.4390243902439
AB Dinda,56.52173913043478
AB McDonald,128.125
AB de Villiers,154.4262295081967
AC Blizzard,136.36363636363635
AC Gilchrist,142.68965517241378
AC Thomas,105.26315789473684
AC Voges,132.1167883211679
AD Hales,126.49572649572649
AD Mascarenhas,102.59740259740259
AD Mathews,127.46478873239437
AD Nath,91.83673469387756
AD Russell,176.70454545454547
AF Milne,79.3103448275862
AG Murtaza,71.42857142857143
AG Paunikar,85.96491228070175
AJ Finch,132.40506329113924
AJ Hosein,160.0
AJ Turner,88.88888888888889
AJ Tye,128.16901408450704
AK Markram,130.0653594771242
AL Menaria,113.27683615819208
AM Nayar,121.0810810810811
AM Rahane,125.39168017287952
AN Ahmed,144.0
AN Ghosh,87.5
AP Dole,154.54545454545453
AP Majumdar,117.56756756756756
AP Tare,126.49253731343283
AR Bawne,100.0
AR Patel,132.87781350482314
AS Joseph,87.09677419354838
AS Rajpoot,65.0
AS Raut,116.1676646706587
AS Roy,113.04347826086956
AS Yadav,132.43243243243242
AT Carey,118.5185185185185
AT Rayudu,129.17409387997623
AU Rashid,137.5
AUK Pathan,169.56521739130434
Abdul Basith,100.0
Abdul Samad,148.08184143222508
Abdur Razzak,0.0
Abhishek Sharma,157.37142857142857
Abishek Porel,153.19148936170214
Akash Deep,158.33333333333331
Akash Madhwal,100.0
Aman Hakim Khan,112.74509803921569
Anirudh Singh,95.45454545454545
Ankit Sharma,129.8507462686567
Ankit Soni,100.0
Anmolpreet Singh,120.8695652173913
Anuj Rawat,123.25581395348837
Anureet Singh,83.72093023255815
Arjun Tendulkar,144.44444444444443
Arshad Khan,152.38095238095238
Arshad Khan (2),125.0
Arshdeep Singh,74.35897435897436
Ashutosh Sharma,175.0
Atharva Taide,150.609756097561
Avesh Khan,170.83333333333331
Azhar Mahmood,131.97278911564624
Azmatullah Omarzai,127.27272727272727
B Akhil,143.39622641509433
B Chipli,112.90322580645163
B Indrajith,70.0
B Kumar,96.52996845425868
B Laughlin,38.46153846153847
B Lee,130.5263157894737
B Sai Sudharsan,140.68027210884352
B Stanlake,250.0
B Sumanth,94.5945945945946
BA Bhatt,85.71428571428571
BA Stokes,135.70391872278665
BAW Mendis,50.0
BB McCullum,134.79887745556596
BB Samantray,113.63636363636364
BB Sran,76.92307692307693
BCJ Cutting,173.72262773722628
BE Hendricks,33.33333333333333
BJ Haddin,163.63636363636365
BJ Hodge,126.69683257918551
BJ Rohrer,140.87591240875912
BMAJ Mendis,85.18518518518519
BR Dunk,121.21212121212122
BR Sharath,40.0
Basil Thampi,96.96969696969697
Bipul Sharma,154.54545454545453
C Green,155.3846153846154
C Madan,83.33333333333334
C Munro,127.33812949640289
C Nanda,0.0
C Sakariya,66.66666666666666
C de Grandhomme,137.72727272727272
CA Ingram,115.1685393258427
CA Lynn,142.2912205567452
CA Pujara,102.09424083769633
CH Gayle,152.7667380006114
CH Morris,156.85279187817258
CJ Anderson,128.70813397129186
CJ Ferguson,84.48275862068965
CJ Jordan,109.45945945945945
CJ McKay,53.333333333333336
CK Kapugedera,72.72727272727273
CK Langeveldt,88.88888888888889
CL White,129.12234042553192
CM Gautam,119.8581560283688
CR Brathwaite,167.59259259259258
CR Woakes,101.29870129870129
CRD Fernando,133.33333333333331
CV Varun,55.55555555555556
D Brevis,133.72093023255815
D Ferreira,72.72727272727273
D Kalyankrishna,42.857142857142854
D Padikkal,125.52334943639292
D Pretorius,157.14285714285714
D Salunkhe,137.5
D Wiese,149.4949494949495
D du Preez,76.92307692307693
DA Miller,142.6341463414634
DA Warner,142.29685807150597
DAJ Bracewell,133.33333333333331
DB Das,121.11553784860558
DB Ravi Teja,122.54901960784315
DE Bollinger,95.45454545454545
DG Nalkande,100.0
DH Yagnik,130.76923076923077
DJ Bravo,132.54035683942226
DJ Harris,112.12121212121211
DJ Hooda,131.00983020554068
DJ Hussey,125.30805687203792
DJ Jacobs,100.0
DJ Malan,104.0
DJ Mitchell,132.45283018867923
DJ Muthuswami,33.33333333333333
DJ Thornely,79.59183673469387
DJ Willey,88.33333333333333
DJG Sammy,127.15517241379311
DJM Short,117.34693877551021
DL Chahar,140.35087719298244
DL Vettori,116.34615384615385
DM Bravo,120.0
DNT Zoysa,157.14285714285714
DP Conway,144.82758620689654
DP Nannes,30.76923076923077
DP Vijaykumar,100.0
DPMD Jayawardene,126.25698324022345
DR Martyn,79.16666666666666
DR Sams,100.0
DR Shorey,76.47058823529412
DR Smith,139.067055393586
DS Kulkarni,98.11320754716981
DS Lehmann,105.88235294117648
DT Christian,117.34693877551021
DT Patil,100.0
DW Steyn,106.36942675159236
Dhruv Jurel,152.19298245614036
E Lewis,139.4456289978678
EJG Morgan,126.21184919210053
ER Dwivedi,184.6153846153846
F Behardien,107.6923076923077
F du Plessis,138.2219534321137
FA Allen,73.68421052631578
FH Edwards,80.0
FY Fazal,108.92857142857142
Fazalhaq Farooqi,23.076923076923077
G Coetzee,70.0
G Gambhir,126.2952979934112
GB Hogg,100.0
GC Smith,112.65243902439023
GC Viljoen,60.0
GD McGrath,80.0
GD Phillips,118.18181818181819
GH Vihari,89.30817610062893
GHS Garton,50.0
GJ Bailey,124.39024390243902
GJ Maxwell,161.16279069767444
GR Napier,93.75
Gulbadin Naib,126.66666666666666
Gurkeerat Singh,124.33090024330899
H Das,40.0
H Klaasen,169.45392491467578
HC Brook,124.18300653594771
HE van der Dussen,100.0
HF Gurney,20.0
HH Gibbs,113.154533844189
HH Pandya,147.66899766899766
HM Amla,144.9748743718593
HR Shokeen,104.76190476190477
HV Patel,124.50000000000001
Harbhajan Singh,141.42614601018676
Harmeet Singh,150.0
Harpreet Brar,128.02197802197801
Harpreet Singh,106.03448275862068
Harshit Rana,66.66666666666666
I Malhotra,175.0
I Sharma,85.07462686567165
I Udana,136.36363636363635
IC Pandey,0.0
IK Pathan,125.2723311546841
IR Jaggi,80.0
IS Sodhi,41.17647058823529
Imran Tahir,91.66666666666666
Iqbal Abdulla,111.39240506329114
Ishan Kishan,137.63664757938574
J Arunkumar,104.54545454545455
J Botha,116.19318181818181
J Fraser-McGurk,239.1304347826087
J Suchith,122.80701754385966
J Syed Mohammad,111.53846153846155
J Theron,83.33333333333334
J Yadav,111.11111111111111
JA Morkel,145.08928571428572
JA Richardson,65.38461538461539
JC Archer,156.69291338582678
JC Buttler,150.29362416107384
JD Ryder,135.12304250559285
JD Unadkat,122.36024844720497
JDP Oram,99.06542056074767
JDS Neesham,100.0
JE Root,66.66666666666666
JE Taylor,100.0
JEC Franklin,110.84745762711864
JH Kallis,110.77133728890918
JJ Bumrah,88.31168831168831
JJ Roy,141.14942528735634
JJ van der Wath,112.5
JL Denly,0.0
JL Pattinson,115.38461538461537
JM Bairstow,146.72206832871652
JM Kemp,108.33333333333333
JM Sharma,152.71966527196653
JO Holder,124.51923076923077
JP Behrendorff,66.66666666666666
JP Duminy,126.8125
JP Faulkner,137.23958333333331
JPR Scantlebury-Searles,133.33333333333331
JR Hazlewood,67.85714285714286
JR Hopes,136.72131147540983
JR Philippe,102.63157894736842
Jaskaran Singh,72.72727272727273
Joginder Sharma,120.0
K Goel,97.75784753363229
K Gowtham,170.34482758620692
K Kartikeya,81.81818181818183
K Rabada,108.994708994709
K Upadhyay,133.33333333333331
K Yadav,0.0
KA Jamieson,127.45098039215685
KA Maharaj,50.0
KA Pollard,151.1433597185576
KAJ Roach,111.11111111111111
KB Arun Karthik,110.86956521739131
KC Cariappa,114.28571428571428
KC Sangakkara,123.9529757531227
KD Karthik,137.8986332574032
KH Pandya,136.11570247933884
KJ Abbott,162.5
KK Ahmed,14.285714285714285
KK Cooper,173.13432835820893
KK Nair,130.08695652173913
KL Nagarkoti,66.66666666666666
KL Rahul,136.34777551613843
KM Asif,0.0
KM Jadhav,125.18134715025906
KMA Paul,81.81818181818183
KMDN Kulasekara,250.0
KP Appanna,66.66666666666666
KP Pietersen,138.06896551724137
KR Mayers,146.89922480620154
KR Sen,0.0
KS Bharat,124.37499999999999
KS Sharma,64.0
KS Williamson,127.51196172248804
KV Sharma,124.46808510638299
KW Richardson,92.3076923076923
Kamran Akmal,168.42105263157893
Kamran Khan,60.0
Karanveer Singh,70.58823529411765
Kartik Tyagi,86.66666666666667
Kuldeep Yadav,86.32075471698113
Kumar Kushagra,42.857142857142854
L Ablish,0.0
L Balaji,78.26086956521739
L Ronchi,100.0
L Wood,300.0
LA Carseldine,120.89552238805969
LA Pomersbach,127.96610169491525
LB Williams,50.0
LE Plunkett,33.33333333333333
LH Ferguson,151.11111111111111
LJ Wright,176.66666666666666
LMP Simmons,128.60548271752086
LPC Silva,166.66666666666669
LR Shukla,120.53571428571428
LRPL Taylor,127.44360902255639
LS Livingstone,165.90106007067138
Lalit Yadav,108.15602836879432
Liton Das,100.0
M Ashwin,70.0
M Jansen,106.4516129032258
M Kaif,105.71428571428572
M Kartik,106.60377358490567
M Klinger,96.05263157894737
M Manhas,111.01511879049677
M Markande,126.3157894736842
M Morkel,140.0
M Muralitharan,68.96551724137932
M Ntini,61.111111111111114
M Prasidh Krishna,37.5
M Rawat,83.33333333333334
M Shahrukh Khan,143.63636363636363
M Theekshana,116.66666666666667
M Vijay,123.77126654064273
M Vohra,132.72058823529412
M de Lange,50.0
MA Agarwal,135.3448275862069
MA Khote,126.3157894736842
MA Starc,100.96153846153845
MA Wood,150.0
MC Henriques,129.03225806451613
MC Juneja,100.0
MD Mishra,116.1764705882353
MD Shanaka,100.0
MDKJ Perera,116.66666666666667
MEK Hussey,125.2851711026616
MF Maharoof,147.5
MG Bracewell,131.8181818181818
MG Johnson,106.36942675159236
MJ Clarke,107.6923076923077
MJ Guptill,138.26530612244898
MJ Lumb,147.87234042553192
MJ McClenaghan,125.0
MJ Santner,101.44927536231884
MJ Suthar,50.0
MK Lomror,146.7966573816156
MK Pandey,122.39137329527435
MK Tiwary,118.94736842105263
ML Hayden,141.56010230179027
MM Ali,144.5273631840796
MM Patel,97.5
MM Sharma,96.12403100775194
MN Samuels,98.77300613496932
MN van Wyk,130.46875
MP Stoinis,144.0926640926641
MR Marsh,130.13698630136986
MS Bisla,117.69911504424779
MS Dhoni,140.2997056462403
MS Gony,141.42857142857144
MS Wade,106.3953488372093
MV Boucher,130.8970099667774
MW Short,130.0
Mandeep Singh,125.25697503671071
Mashrafe Mortaza,100.0
Mayank Dagar,0.0
Misbah-ul-Haq,148.1012658227848
Mohammad Ashraful,22.22222222222222
Mohammad Asif,50.0
Mohammad Hafeez,81.0126582278481
Mohammad Nabi,151.36986301369865
Mohammed Shami,96.1038961038961
Mohammed Siraj,93.96551724137932
Mohit Rathee,50.0
Mohsin Khan,104.16666666666667
Mujeeb Ur Rahman,92.3076923076923
Mukesh Choudhary,100.0
Mukesh Kumar,55.55555555555556
Mustafizur Rahman,56.52173913043478
N Jagadeesan,110.95890410958904
N Pooran,164.40520446096653
N Rana,137.29166666666666
N Saini,100.71942446043165
N Wadhera,142.27642276422765
ND Doshi,0.0
NJ Maddinson,95.23809523809523
NJ Rimmington,100.0
NK Patel,103.41880341880344
NL McCullum,123.80952380952381
NLTC Perera,140.86378737541528
NM Coulter-Nile,115.49295774647888
NS Naik,63.26530612244898
NT Ellis,76.0
NV Ojha,120.0
Naman Dhir,181.8181818181818
Navdeep Saini,91.66666666666666
Naveen-ul-Haq,81.81818181818183
Nithish Kumar Reddy,143.60189573459715
Noor Ahmad,72.22222222222221
OA Shah,134.21750663129976
OC McCoy,160.0
OF Smith,115.90909090909092
P Awana,35.714285714285715
P Chopra,133.33333333333331
P Dogra,92.7007299270073
P Dubey,71.875
P Kumar,110.74918566775244
P Negi,129.8932384341637
P Parameswaran,50.0
P Ray Barman,79.16666666666666
P Sahu,146.15384615384613
P Simran Singh,148.52652259332024
PA Patel,124.20409943305712
PA Reddy,102.49999999999999
PBB Rajapaksa,149.72972972972974
PC Valthaty,122.57281553398059
PD Collingwood,132.6797385620915
PD Salt,179.3956043956044
PJ Cummins,153.73134328358208
PJ Sangwan,60.46511627906976
PK Garg,114.70588235294117
PM Sarvesh Kumar,50.0
PN Mankad,134.72222222222223
PP Chawla,114.70588235294117
PP Ojha,39.02439024390244
PP Shaw,148.9763779527559
PR Shah,106.9767441860465
PSP Handscomb,50.0
PV Tambe,47.368421052631575
PVD Chameera,159.25925925925927
PWH de Silva,98.63013698630137
Pankaj Singh,58.333333333333336
Parvez Rasool,89.47368421052632
Q de Kock,136.50107991360693
R Ashwin,121.02874432677761
R Bhatia,123.46570397111914
R Bishnoi,111.76470588235294
R Dhawan,114.13043478260869
R Dravid,117.64069264069263
R McLaren,95.20958083832335
R Ninan,50.0
R Parag,136.71328671328672
R Powell,149.37759336099586
R Rampaul,106.25
R Ravindra,162.04379562043795
R Sai Kishore,260.0
R Sanjay Yadav,0.0
R Sathish,121.0762331838565
R Sharma,91.66666666666666
R Shepherd,188.52459016393445
R Shukla,82.6086956521739
R Tewatia,138.38797814207652
R Vinay Kumar,116.10486891385767
RA Bawa,78.57142857142857
RA Jadeja,132.57168458781362
RA Tripathi,141.6983523447402
RD Chahar,104.03225806451613
RD Gaikwad,137.97101449275362
RE Levi,120.28985507246377
RE van der Merwe,114.38848920863309
RG More,100.0
RG Sharma,132.52048770737557
RJ Gleeson,200.0
RJ Harris,105.40540540540539
RJ Peterson,114.28571428571428
RJ Quiney,106.18556701030928
RJW Topley,50.0
RK Bhui,38.46153846153847
RK Singh,144.49838187702267
RM Patidar,162.72912423625255
RN ten Doeschate,142.35807860262008
RP Meredith,0.0
RP Singh,73.23943661971832
RR Bhatkal,0.0
RR Pant,150.96153846153845
RR Powar,106.34920634920636
RR Raje,111.11111111111111
RR Rossouw,154.5751633986928
RR Sarwan,98.64864864864865
RS Bopara,119.05829596412556
RS Gavaskar,25.0
RS Sodhi,200.0
RT Ponting,73.98373983739837
RV Gomez,104.16666666666667
RV Patel,111.11111111111111
RV Uthappa,132.993288590604
Rahmanullah Gurbaz,138.2775119617225
Ramandeep Singh,171.7171717171717
Rashid Khan,165.6534954407295
Rasikh Salam,102.56410256410255
Ravi Bishnoi,65.3061224489796
S Anirudha,124.77064220183487
S Aravind,109.25925925925925
S Badree,56.52173913043478
S Badrinath,121.60337552742615
S Chanderpaul,80.64516129032258
S Dhawan,129.30276981852913
S Dube,149.0079365079365
S Gopal,107.78443113772455
S Kaul,55.55555555555556
S Kaushik,0.0
S Ladda,0.0
S Lamichhane,0.0
S Nadeem,45.88235294117647
S Narwal,137.03703703703704
S Rana,115.18987341772151
S Randiv,50.0
S Sohal,128.67132867132867
S Sreesanth,68.0
S Sriram,88.57142857142857
S Tyagi,75.0
S Vidyut,134.25925925925927
SA Abbott,129.41176470588235
SA Asnodkar,128.57142857142858
SA Yadav,147.2950819672131
SB Bangar,89.0909090909091
SB Dubey,173.6842105263158
SB Jakati,96.55172413793103
SB Joshi,42.857142857142854
SB Styris,100.76923076923077
SB Wagh,66.66666666666666
SC Ganguly,109.14239482200647
SD Chitnis,112.5
SD Hope,150.0
SD Lad,115.38461538461537
SE Bond,50.0
SE Marsh,136.38356164383563
SE Rutherford,106.0
SH Johnson,100.0
SJ Srivastava,100.0
SK Raina,138.81644934804413
SK Trivedi,71.1864406779661
SK Warne,94.73684210526315
SL Malinga,91.66666666666666
SM Curran,137.7535101404056
SM Harwood,81.81818181818183
SM Katich,134.6368715083799
SM Pollock,134.8623853211009
SMSM Senanayake,58.82352941176471
SN Khan,132.35294117647058
SN Thakur,140.18264840182647
SO Hetmyer,155.9598494353827
SP Fleming,121.73913043478262
SP Goswami,100.0
SP Jackson,107.01754385964912
SP Narine,172.74774774774775
SPD Smith,129.94791666666669
SR Tendulkar,122.84210526315789
SR Watson,139.6688264938805
SS Cottrell,0.0
SS Iyer,129.06018136850784
SS Prabhudessai,122.33009708737863
SS Shaikh,85.71428571428571
SS Tiwary,121.56224572823433
ST Jayasuriya,148.54932301740814
STR Binny,131.14754098360655
SV Samson,140.68767908309457
SW Billings,133.06878306878306
SW Tait,88.46153846153845
SZ Mulani,100.0
Sachin Baby,123.07692307692308
Salman Butt,123.71794871794873
Sameer Rizvi,118.6046511627907
Sandeep Sharma,79.41176470588235
Sanvir Singh,125.0
Saurav Chauhan,120.0
Shahbaz Ahmed,124.94172494172496
Shahid Afridi,180.0
Shakib Al Hasan,126.5923566878981
Shashank Singh,165.8823529411765
Shivam Mavi,92.72727272727272
Shivam Sharma,166.66666666666669
Shivam Singh,66.66666666666666
Shoaib Ahmed,16.666666666666664
Shoaib Akhtar,28.57142857142857
Shoaib Malik,113.04347826086956
Shubman Gill,136.61852166525063
Sikandar Raza,135.82089552238804
Simarjeet Singh,87.5
Sohail Tanvir,124.13793103448276
Sumit Kumar,85.71428571428571
Sunny Gupta,0.0
Sunny Singh,143.33333333333334
Swapnil Singh,115.90909090909092
T Banton,90.0
T Henderson,68.75
T Kohler-Cadmore,90.56603773584906
T Kohli,57.89473684210527
T Natarajan,60.0
T Shamsi,50.0
T Stubbs,176.85589519650654
T Taibu,119.23076923076923
T Thushara,66.66666666666666
TA Boult,106.41025641025641
TD Paine,41.66666666666667
TG Southee,112.14953271028037
TH David,172.96587926509187
TK Curran,120.95238095238095
TL Seifert,118.18181818181819
TL Suman,119.8581560283688
TM Dilshan,118.014329580348
TM Head,175.85421412300684
TM Srivastava,72.72727272727273
TR Birt,131.57894736842107
TS Mills,61.53846153846154
TU Deshpande,161.53846153846155
Tanush Kotian,77.41935483870968
Tilak Varma,148.77734877734878
U Kaul,0.0
UA Birla,50.0
UBT Chand,102.3890784982935
UT Khawaja,128.2828282828283
UT Yadav,105.05050505050507
Umar Gul,229.41176470588235
Umran Malik,153.33333333333334
V Kohli,133.27789788790955
V Pratap Singh,0.0
V Sehwag,159.90621336459554
V Shankar,132.26571767497035
V Viyaskanth,140.0
VG Arora,56.25
VH Zol,111.53846153846155
VR Aaron,69.44444444444444
VR Iyer,139.57894736842104
VRV Singh,200.0
VS Malik,116.66666666666667
VS Yeligati,100.0
VVS Laxman,108.04597701149426
VY Mahesh,57.692307692307686
Vijaykumar Vyshak,116.66666666666667
Virat Singh,60.0
Vishnu Vinod,100.0
Vivrant Sharma,153.33333333333334
W Jaffer,108.33333333333333
WA Mota,76.71232876712328
WD Parnell,84.4155844155844
WG Jacks,179.6875
WP Saha,130.57409879839784
WPUJC Vaas,114.08450704225352
Washington Sundar,118.86792452830188
X Thalaivan Sargunam,58.82352941176471
Y Gnaneswara Rao,111.76470588235294
Y Nagar,114.45783132530121
Y Prithvi Raj,0.0
Y Venugopal Rao,120.71078431372548
YA Abdulla,
YBK Jaiswal,153.04761904761907
YK Pathan,145.92391304347828
YS Chahal,44.047619047619044
YV Dhull,69.56521739130434
YV Takawale,111.62790697674419
Yash Dayal,0.0
Yashpal Singh,71.21212121212122
Younis Khan,42.857142857142854
Yudhvir Singh,137.5
Yuvraj Singh,131.39312977099235
Z Khan,84.78260869565217
